Supplier Name,Tier 1,Tier 2,Tier 3
Aapico Amata Co. Ltd.,Yes,Yes,No
Amphenol Omniconnect India Private Ltd.,Yes,Yes,No
Attl (Tianjin) Advanced Material Co.,No,Yes,Yes
Cart2 USA Llc,Yes,No,Yes
Changzhou Machinery And Equipment Import And Export Co. Ltd.,Yes,Yes,No
Chengdu Hongbo I Ndustrial Co. Ltd.,No,Yes,Yes
Chengdu Hongbo Molybdenum Industry Co. Ltd.,No,Yes,Yes
Cong Ty Tnhh Dien Tu Gaoqi (Vietnam),Yes,Yes,No
Contemporary Amperex Technology Co. Ltd.,Yes,Yes,No
Da Mler Truck AG,No,Yes,Yes
Dongguan Poweramp Technology Ltd.,Yes,Yes,No
Fastgrow International,Yes,Yes,No
Fev China Co. Ltd.,Yes,Yes,No
Fev India Private Ltd.,Yes,Yes,No
Fev Tr Automotive And Energy Research And Engineering Ltd. Co.,Yes,Yes,No
Fujian Nebula Electronics Co. Ltd.,Yes,Yes,No
Guangxi Bangyou Trade Co. Ltd.,Yes,Yes,No
Huashenggui International Trade Ltd.,No,Yes,Yes
Jinduicheng Molybdenum Co. Ltd.,No,Yes,Yes
Jinduicheng Molybdenum Marketing Corp.,No,Yes,Yes
Lianzhou Technologies Co. Ltd.,No,Yes,Yes
Liaoning Tianqiao New Material Tech,No,Yes,Yes
Mercedes Benz,No,Yes,Yes
Mercedes Benz Energy,Yes,Yes,No
Oloid Energy Technology Taizhou Co.,Yes,Yes,No
Rfh Metals Co. Ltd.,No,Yes,Yes
Rfh Recycling Metals Co. Ltd.,No,Yes,Yes
S. J. M. Alloys & Metals Ltd.,No,Yes,Yes
Shaanxi Head Moly Indus Co.,No,Yes,Yes
Shaanxi Head Moly Industry Co. Ltd.,No,Yes,Yes
Shanghai Line Feng International,Yes,Yes,No
Shanghai Top Ideal International,Yes,Yes,No
Shenzhen Basen Technologies Co.,Yes,Yes,No
Shenzhen Basen Technology Co. Ltd.,Yes,Yes,No
Shenzhen Xiho Energy Technology,Yes,Yes,No
Shenzhen Xiho Energy Technology Co.,Yes,Yes,No
Siemens AG,No,Yes,Yes
T.H.I. Group (Shanghai) Ltd.,No,Yes,Yes
Viet My Sofa Production And Trading JSC,Yes,Yes,No
Vinfast . Mfg. And Trading Co. Ltd.,Yes,Yes,No
Vinfast Trading And Production JSC,Yes,Yes,No
Vinfast Trading And Production Llc,Yes,Yes,No
Vinfast Trading And Production Ltd. Liability Co.,Yes,Yes,No
Yangzhou Finway Energy Tech Co. Lt,Yes,Yes,No
Zaozhuang Evlithium Electronic Technolog,Yes,Yes,No
Zhejiang Hangcha Imp. & Exp. . Co. Ltd.,Yes,Yes,No
